{
  "scan": {
    "scan_id": "scan-1771962200079-y5npre9",
    "user_id": null,
    "session_id": "36c0626d-a3eb-4517-9ddc-1bf5d53ba6c7",
    "mode": "miniature",
    "timestamp": "2026-02-24T19:43:20.085Z",
    "processing_time_ms": 5245,
    "image_width": 778,
    "image_height": 970,
    "image_size_bytes": 1117775,
    "num_colours_detected": 5,
    "dominant_colour_hex": "#c57799",
    "colour_harmony_type": "complementary",
    "overall_brightness": 60.036528216391616,
    "overall_contrast": 23.967814466136673
  },
  "colours": [
    {
      "scan_id": "scan-1771962200079-y5npre9",
      "colour_index": 0,
      "r": 197,
      "g": 119,
      "b": 153,
      "h": 333.8461538461538,
      "s": 39.59390862944163,
      "v": 77.25490196078432,
      "l": 59.345942802393445,
      "a": 34.629345110098754,
      "b_lab": -5.328390189600807,
      "chroma": 35.03688463272604,
      "coverage_percent": 64.57805446948468,
      "family_predicted": "Red",
      "is_metallic": false,
      "is_detail": false,
      "confidence": 1.0,
      "top_paint_name": "Carroburg Crimson",
      "top_paint_brand": "Citadel",
      "top_paint_delta_e": 6.8
    },
    {
      "scan_id": "scan-1771962200079-y5npre9",
      "colour_index": 1,
      "r": 129,
      "g": 130,
      "b": 131,
      "h": 210.0,
      "s": 1.5267175572519032,
      "v": 51.37254901960784,
      "l": 53.47270445297104,
      "a": -0.5929106407366469,
      "b_lab": -1.059552331662928,
      "chroma": 1.2141639804536652,
      "coverage_percent": 21.487423019482154,
      "family_predicted": "Grey",
      "is_metallic": false,
      "is_detail": false,
      "confidence": 1.0,
      "top_paint_name": "Codex Grey",
      "top_paint_brand": "Citadel",
      "top_paint_delta_e": 1.2
    },
    {
      "scan_id": "scan-1771962200079-y5npre9",
      "colour_index": 2,
      "r": 116,
      "g": 130,
      "b": 86,
      "h": 79.0909090909091,
      "s": 33.84615384615384,
      "v": 50.98039215686274,
      "l": 52.28573597975455,
      "a": -12.355875209452803,
      "b_lab": 21.451764656803125,
      "chroma": 24.75572376405986,
      "coverage_percent": 5.848002282147232,
      "family_predicted": "Yellow",
      "is_metallic": false,
      "is_detail": true,
      "confidence": 1.0,
      "top_paint_name": "Death Guard Armor",
      "top_paint_brand": "Citadel",
      "top_paint_delta_e": 6.1
    },
    {
      "scan_id": "scan-1771962200079-y5npre9",
      "colour_index": 3,
      "r": 174,
      "g": 135,
      "b": 44,
      "h": 42.00000000000001,
      "s": 74.71264367816092,
      "v": 68.23529411764706,
      "l": 58.8247074009478,
      "a": 6.10291162890023,
      "b_lab": 48.62311010067449,
      "chroma": 49.004615764359166,
      "coverage_percent": 4.805933582803349,
      "family_predicted": "Gold",
      "is_metallic": true,
      "is_detail": true,
      "confidence": 1.0,
      "top_paint_name": "Iyanden Darksun",
      "top_paint_brand": "Citadel",
      "top_paint_delta_e": 2.1
    },
    {
      "scan_id": "scan-1771962200079-y5npre9",
      "colour_index": 4,
      "r": 135,
      "g": 198,
      "b": 224,
      "h": 197.52808988764045,
      "s": 39.732142857142854,
      "v": 87.84313725490196,
      "l": 76.25355044589122,
      "a": -13.520744811442942,
      "b_lab": -18.752234546242374,
      "chroma": 23.118322619373732,
      "coverage_percent": 3.2805866460825936,
      "family_predicted": "Cyan",
      "is_metallic": false,
      "is_detail": true,
      "confidence": 1.0,
      "top_paint_name": "Ice Blue",
      "top_paint_brand": "Citadel",
      "top_paint_delta_e": 6.8
    }
  ],
  "saved_at": "2026-02-24T19:43:41.076153"
}