{
  "scan": {
    "scan_id": "scan-1769976743672-yw40h8r",
    "user_id": null,
    "session_id": "36c0626d-a3eb-4517-9ddc-1bf5d53ba6c7",
    "mode": "miniature",
    "timestamp": "2026-02-01T20:12:23.678Z",
    "processing_time_ms": 5341,
    "image_width": 1072,
    "image_height": 1350,
    "image_size_bytes": 603449,
    "num_colours_detected": 4,
    "dominant_colour_hex": "#1c1c17",
    "colour_harmony_type": "complementary",
    "overall_brightness": 40.53509784538293,
    "overall_contrast": 51.44594240103175
  },
  "colours": [
    {
      "scan_id": "scan-1769976743672-yw40h8r",
      "colour_index": 0,
      "r": 28,
      "g": 28,
      "b": 23,
      "h": 60.0,
      "s": 17.857142857142858,
      "v": 10.980392156862745,
      "l": 10.529197506857678,
      "a": -1.1524223601876025,
      "b_lab": 2.50871957918962,
      "chroma": 2.760751930773518,
      "coverage_percent": 37.16919886389252,
      "family_predicted": "Grey",
      "is_metallic": false,
      "is_detail": false,
      "confidence": 1.0,
      "top_paint_name": "Deathshroud Clear",
      "top_paint_brand": "Citadel",
      "top_paint_delta_e": 2.0
    },
    {
      "scan_id": "scan-1769976743672-yw40h8r",
      "colour_index": 1,
      "r": 133,
      "g": 152,
      "b": 176,
      "h": 213.4883720930233,
      "s": 24.431818181818176,
      "v": 69.01960784313725,
      "l": 61.97513990788943,
      "a": 0.4886594820261438,
      "b_lab": -14.452975338100254,
      "chroma": 14.461233841312026,
      "coverage_percent": 37.07677742211803,
      "family_predicted": "Blue",
      "is_metallic": false,
      "is_detail": false,
      "confidence": 1.0,
      "top_paint_name": "Fenrisian Grey",
      "top_paint_brand": "Citadel",
      "top_paint_delta_e": 8.7
    },
    {
      "scan_id": "scan-1769976743672-yw40h8r",
      "colour_index": 2,
      "r": 124,
      "g": 119,
      "b": 100,
      "h": 47.500000000000014,
      "s": 19.35483870967742,
      "v": 48.627450980392155,
      "l": 50.37315803232268,
      "a": -1.8565357519818038,
      "b_lab": 11.201642574738937,
      "chroma": 11.354449408517818,
      "coverage_percent": 18.630810152833504,
      "family_predicted": "Yellow",
      "is_metallic": false,
      "is_detail": false,
      "confidence": 1.0,
      "top_paint_name": "Runelord Brass",
      "top_paint_brand": "Citadel",
      "top_paint_delta_e": 5.5
    },
    {
      "scan_id": "scan-1769976743672-yw40h8r",
      "colour_index": 3,
      "r": 156,
      "g": 59,
      "b": 44,
      "h": 8.035714285714286,
      "s": 71.7948717948718,
      "v": 61.1764705882353,
      "l": 39.26289593446193,
      "a": 37.127504628548564,
      "b_lab": 28.699142464469666,
      "chroma": 46.92645712323509,
      "coverage_percent": 7.123213561155945,
      "family_predicted": "Red",
      "is_metallic": false,
      "is_detail": true,
      "confidence": 1.0,
      "top_paint_name": "Guilliman Flesh",
      "top_paint_brand": "Citadel",
      "top_paint_delta_e": 3.7
    }
  ],
  "saved_at": "2026-02-01T20:12:37.008869"
}