{
  "scan": {
    "scan_id": "scan-1776801841430-gut6ybn",
    "user_id": null,
    "session_id": "36c0626d-a3eb-4517-9ddc-1bf5d53ba6c7",
    "mode": "inspiration",
    "timestamp": "2026-04-21T20:04:01.434Z",
    "processing_time_ms": 372,
    "image_width": 806,
    "image_height": 427,
    "image_size_bytes": 725582,
    "num_colours_detected": 5,
    "dominant_colour_hex": "#81473f",
    "colour_harmony_type": "complementary",
    "overall_brightness": 58.16918968502083,
    "overall_contrast": 68.9321270555065
  },
  "colours": [
    {
      "scan_id": "scan-1776801841430-gut6ybn",
      "colour_index": 0,
      "r": 129,
      "g": 71,
      "b": 63,
      "h": 7.272727272727273,
      "s": 51.16279069767441,
      "v": 50.588235294117645,
      "l": 37.10882158568938,
      "a": 24.481810953639858,
      "b_lab": 16.283713383128525,
      "chroma": 29.402693569019142,
      "coverage_percent": 71.16033755274262,
      "family_predicted": "Red",
      "is_metallic": false,
      "is_detail": false,
      "confidence": 1.0,
      "top_paint_name": "Bugman Glow",
      "top_paint_brand": "Citadel",
      "top_paint_delta_e": 4.0
    },
    {
      "scan_id": "scan-1776801841430-gut6ybn",
      "colour_index": 1,
      "r": 29,
      "g": 55,
      "b": 87,
      "h": 213.10344827586206,
      "s": 66.66666666666667,
      "v": 34.11764705882353,
      "l": 22.729675325222647,
      "a": 2.1089528648289835,
      "b_lab": -22.41961340886618,
      "chroma": 22.5185867138478,
      "coverage_percent": 13.565400843881855,
      "family_predicted": "Blue",
      "is_metallic": false,
      "is_detail": false,
      "confidence": 1.0,
      "top_paint_name": "Fenrys Grey",
      "top_paint_brand": "Citadel",
      "top_paint_delta_e": 5.4
    },
    {
      "scan_id": "scan-1776801841430-gut6ybn",
      "colour_index": 2,
      "r": 163,
      "g": 249,
      "b": 190,
      "h": 138.8372093023256,
      "s": 34.53815261044177,
      "v": 97.6470588235294,
      "l": 91.66180238072914,
      "a": -36.696618247086,
      "b_lab": 20.026329058720297,
      "chroma": 41.80544995979005,
      "coverage_percent": 6.907172995780591,
      "family_predicted": "Green",
      "is_metallic": false,
      "is_detail": true,
      "confidence": 1.0,
      "top_paint_name": "Vile Green",
      "top_paint_brand": "Citadel",
      "top_paint_delta_e": 19.6
    },
    {
      "scan_id": "scan-1776801841430-gut6ybn",
      "colour_index": 3,
      "r": 195,
      "g": 191,
      "b": 118,
      "h": 56.8831168831169,
      "s": 39.48717948717948,
      "v": 76.47058823529412,
      "l": 76.38132415129041,
      "a": -8.93123954500652,
      "b_lab": 36.98006778102096,
      "chroma": 38.043297082392755,
      "coverage_percent": 4.345991561181434,
      "family_predicted": "Yellow",
      "is_metallic": false,
      "is_detail": true,
      "confidence": 1.0,
      "top_paint_name": "Tyrant Skull",
      "top_paint_brand": "Citadel",
      "top_paint_delta_e": 4.2
    },
    {
      "scan_id": "scan-1776801841430-gut6ybn",
      "colour_index": 4,
      "r": 212,
      "g": 132,
      "b": 77,
      "h": 24.444444444444446,
      "s": 63.67924528301888,
      "v": 83.13725490196079,
      "l": 62.96432498217255,
      "a": 24.488757620242914,
      "b_lab": 42.172163919684365,
      "chroma": 48.76669621218699,
      "coverage_percent": 4.021097046413502,
      "family_predicted": "Pink",
      "is_metallic": false,
      "is_detail": true,
      "confidence": 1.0,
      "top_paint_name": "Bestigor Flesh",
      "top_paint_brand": "Citadel",
      "top_paint_delta_e": 3.2
    }
  ],
  "saved_at": "2026-04-21T20:04:26.564482"
}