{
  "scan": {
    "scan_id": "scan-1776801787235-1kah19h",
    "user_id": null,
    "session_id": "36c0626d-a3eb-4517-9ddc-1bf5d53ba6c7",
    "mode": "miniature",
    "timestamp": "2026-04-21T20:03:07.239Z",
    "processing_time_ms": 4003,
    "image_width": 663,
    "image_height": 681,
    "image_size_bytes": 380625,
    "num_colours_detected": 4,
    "dominant_colour_hex": "#6f6765",
    "colour_harmony_type": "mixed",
    "overall_brightness": 47.44280339157395,
    "overall_contrast": 46.7531250585472
  },
  "colours": [
    {
      "scan_id": "scan-1776801787235-1kah19h",
      "colour_index": 0,
      "r": 111,
      "g": 103,
      "b": 101,
      "h": 12.000000000000036,
      "s": 9.009009009009015,
      "v": 43.529411764705884,
      "l": 42.28411692211201,
      "a": 1.6641173912997729,
      "b_lab": 2.006804940854781,
      "chroma": 2.6070199007037753,
      "coverage_percent": 60.24022701697734,
      "family_predicted": "Grey",
      "is_metallic": false,
      "is_detail": false,
      "confidence": 1.0,
      "top_paint_name": "Stormvermin Fur",
      "top_paint_brand": "Citadel",
      "top_paint_delta_e": 2.8
    },
    {
      "scan_id": "scan-1776801787235-1kah19h",
      "colour_index": 1,
      "r": 129,
      "g": 101,
      "b": 90,
      "h": 16.923076923076913,
      "s": 30.232558139534877,
      "v": 50.588235294117645,
      "l": 45.521863838815236,
      "a": 9.022815953536076,
      "b_lab": 10.368773090971114,
      "chroma": 13.744914082795564,
      "coverage_percent": 21.571505455257107,
      "family_predicted": "Gold",
      "is_metallic": true,
      "is_detail": false,
      "confidence": 1.0,
      "top_paint_name": "Cryptek Armourshade Gloss",
      "top_paint_brand": "Citadel",
      "top_paint_delta_e": 5.1
    },
    {
      "scan_id": "scan-1776801787235-1kah19h",
      "colour_index": 2,
      "r": 109,
      "g": 45,
      "b": 37,
      "h": 6.666666666666666,
      "s": 66.05504587155964,
      "v": 42.745098039215684,
      "l": 27.606053873410687,
      "a": 25.855720276689617,
      "b_lab": 18.2592956139973,
      "chroma": 31.65312223692569,
      "coverage_percent": 16.659327755761048,
      "family_predicted": "Red",
      "is_metallic": false,
      "is_detail": false,
      "confidence": 1.0,
      "top_paint_name": "Beaten Copper",
      "top_paint_brand": "Citadel",
      "top_paint_delta_e": 3.2
    },
    {
      "scan_id": "scan-1776801787235-1kah19h",
      "colour_index": 3,
      "r": 189,
      "g": 186,
      "b": 110,
      "h": 57.72151898734176,
      "s": 41.7989417989418,
      "v": 74.11764705882354,
      "l": 74.35917893195789,
      "a": -10.240844186575782,
      "b_lab": 38.03375766098949,
      "chroma": 39.38834359894561,
      "coverage_percent": 1.528939772004501,
      "family_predicted": "Yellow",
      "is_metallic": false,
      "is_detail": true,
      "confidence": 1.0,
      "top_paint_name": "Krieg Khaki",
      "top_paint_brand": "Citadel",
      "top_paint_delta_e": 7.0
    }
  ],
  "saved_at": "2026-04-21T20:03:26.526569"
}