{
  "scan": {
    "scan_id": "scan-1770065876056-msw58hs",
    "user_id": null,
    "session_id": "36c0626d-a3eb-4517-9ddc-1bf5d53ba6c7",
    "mode": "inspiration",
    "timestamp": "2026-02-02T20:57:56.064Z",
    "processing_time_ms": 2046,
    "image_width": 225,
    "image_height": 225,
    "image_size_bytes": 10597,
    "num_colours_detected": 4,
    "dominant_colour_hex": "#bae1af",
    "colour_harmony_type": "complementary",
    "overall_brightness": 59.840192919357165,
    "overall_contrast": 55.99953015722447
  },
  "colours": [
    {
      "scan_id": "scan-1770065876056-msw58hs",
      "colour_index": 0,
      "r": 186,
      "g": 225,
      "b": 175,
      "h": 106.80000000000001,
      "s": 22.222222222222218,
      "v": 88.23529411764706,
      "l": 85.76759114677898,
      "a": -21.74230609286002,
      "b_lab": 20.360455795363443,
      "chroma": 29.787179027738876,
      "coverage_percent": 36.247777777777785,
      "family_predicted": "Green",
      "is_metallic": false,
      "is_detail": false,
      "confidence": 1.0,
      "top_paint_name": "Orruk Flesh",
      "top_paint_brand": "Citadel",
      "top_paint_delta_e": 15.7
    },
    {
      "scan_id": "scan-1770065876056-msw58hs",
      "colour_index": 1,
      "r": 91,
      "g": 51,
      "b": 123,
      "h": 273.3333333333333,
      "s": 58.536585365853654,
      "v": 48.23529411764706,
      "l": 29.768060989554517,
      "a": 32.35685069802681,
      "b_lab": -33.7788906869361,
      "chroma": 46.775840378708075,
      "coverage_percent": 35.07888888888889,
      "family_predicted": "Blue",
      "is_metallic": false,
      "is_detail": false,
      "confidence": 1.0,
      "top_paint_name": "Imperial Purple",
      "top_paint_brand": "Citadel",
      "top_paint_delta_e": 5.1
    },
    {
      "scan_id": "scan-1770065876056-msw58hs",
      "colour_index": 2,
      "r": 160,
      "g": 122,
      "b": 177,
      "h": 281.4545454545455,
      "s": 31.073446327683612,
      "v": 69.41176470588235,
      "l": 56.79753154762649,
      "a": 24.810998298017015,
      "b_lab": -22.9159248234959,
      "chroma": 33.77462430672352,
      "coverage_percent": 22.244444444444444,
      "family_predicted": "Red",
      "is_metallic": false,
      "is_detail": false,
      "confidence": 1.0,
      "top_paint_name": "Kakophoni Purple",
      "top_paint_brand": "Citadel",
      "top_paint_delta_e": 11.7
    },
    {
      "scan_id": "scan-1770065876056-msw58hs",
      "colour_index": 3,
      "r": 160,
      "g": 164,
      "b": 159,
      "h": 108.00000000000007,
      "s": 3.0487804878048843,
      "v": 64.31372549019608,
      "l": 67.02758799346866,
      "a": -3.1153942125301413,
      "b_lab": 2.309274177306623,
      "chroma": 3.877941248322553,
      "coverage_percent": 6.428888888888888,
      "family_predicted": "Grey",
      "is_metallic": false,
      "is_detail": true,
      "confidence": 1.0,
      "top_paint_name": "Administratum Grey",
      "top_paint_brand": "Citadel",
      "top_paint_delta_e": 3.5
    }
  ],
  "saved_at": "2026-02-02T20:58:07.881660"
}